{"Position":{"x":2.515000343322754,"y":5.215102672576904,"z":0.0},"Gold":6476,"Experience":338,"Difficulty":1,"Name":"Clara","ItemAmounts":[0,0,0,0,0,0,0,0]}